domain,family,label
stbid.ru,legit,notdga
xonzhsspmk.com,dnschanger,dga
apple.com.cn,legit,notdga
addthis.com,legit,notdga
autodesk.com,legit,notdga
ybtbipmqfgsrqargh.com,bedep,dga
archive.org,legit,notdga
dwvyovlmy.dyndns.org,vidro,dga
dpcbiflswejkcfllx.com,bedep,dga
secretscopying.com,nymaim,dga
oczytyhp.org,qakbot,dga
att.net,legit,notdga
miui.com,legit,notdga
6ty5aqxef43ajacx.com,chinad,dga
tsilfaftadrrs.com,ramnit,dga
icvkii.com,virut,dga
wikimedia.org,legit,notdga
nuilaaxan.mobi,pitou,dga
bloomberg.com,legit,notdga
hzaxfc.hk,conficker,dga
vdwphrduswupy.com,dircrypt,dga
instructure.com,legit,notdga
tiktok.com,legit,notdga
salesforce.com,legit,notdga
e-hentai.org,legit,notdga
target.com,legit,notdga
anudextilat,deception,dga
wix.com,legit,notdga
ewwnoqqmmjpkilkm.biz,murofet,dga
squarespace.com,legit,notdga
augendeequamuna.com,gozi,dga
norytaf.info,simda,dga
afomdbdmdnnbnabc.com,padcrypt,dga
j16mujqauksoueqdxkqhqezc19pye31huot.biz,murofetweekly,dga
bing.com,legit,notdga
klqiehpzfcqyc.info,qakbot,dga
moatads.com,legit,notdga
vcepgrqukcwjjs3.com,bedep,dga
emzfusgwoxgeqtclfyhvkzppz.com,gameover,dga
abpkagexehslrcq.com,ramnit,dga
sharepoint.com,legit,notdga
mnvurakjpw.net,oderoor,dga
typeform.com,legit,notdga
goodreads.com,legit,notdga
lngmcicmwovgisghuuglzaicmjv.com,gameover,dga
arcgis.com,legit,notdga
mjkxmjiwmtia.org,sisron,dga
ali213.net,legit,notdga
investing.com,legit,notdga
umytacunyapriknca,deception,dga
381ed097870ca065ba2ee82a9a6aba48.org,bamital,dga
ziikz2c.tk,qsnatch,dga
ppnvtyf.in,locky,dga
mjgxmjiwmtia.com,sisron,dga
yuque.com,legit,notdga
no-ip.com,legit,notdga
7kbw9397.ml,qsnatch,dga
2oidwapmv2cwp.com,shiotob,dga
tpizdqlfihiuojrlojlvlgmswif.org,murofet,dga
tianyancha.com,legit,notdga
vbbskxbio.com,vidro,dga
ertelecom.ru,legit,notdga
mirror.co.uk,legit,notdga
pxayfojidfskmlaqo.net,ranbyus,dga
xvideos.com,legit,notdga
registrar-servers.com,legit,notdga
z9wtfzsyhbsqrbnsjxibw5i2.org,zeus-newgoz,dga
newyorker.com,legit,notdga
immunet.com,legit,notdga
p30bdde48b4d42edf9cf41a05334acde4f.so,dyre,dga
nintendo.com,legit,notdga
weebly.com,legit,notdga
newrelic.com,legit,notdga
criteo.com,legit,notdga
qs2waoa4asus.org,qadars,dga
ring.com,legit,notdga
dnspod.net,legit,notdga
upwork.com,legit,notdga
sb7fab12y8ox3bo.ddns.net,corebot,dga
uskuka.biz,pykspa,dga
canada.ca,legit,notdga
maybellinerichardson.net,suppobox,dga
rwmu35avqo12tqc.com,shiotob,dga
iwkkqjfu.com,vidro,dga
unity3d.com,legit,notdga
j4dirwtunwta.com,qadars,dga
mortiscontrastatim.com,gozi,dga
f32mriyl68lskteydxe61jvg33p12o21psmso11.info,murofetweekly,dga
casalemedia.com,legit,notdga
t.co,legit,notdga
sekiyjdvdcrntvqa.com,sphinx,dga
xinhuanet.com,legit,notdga
appsflyersdk.com,legit,notdga
shifen.com,legit,notdga
sina.com.cn,legit,notdga
qgumopxxuz.com,dnschanger,dga
healthline.com,legit,notdga
jhhokenniuywfnmm.eu,emotet,dga
kafseico.ru,pushdo,dga
iso.org,legit,notdga
kakagufa.ru,pushdo,dga
qidian.com,legit,notdga
searched-cookie.net,nymaim,dga
criteo.net,legit,notdga
eujwuv.com,virut,dga
wiktionary.org,legit,notdga
pqtkyghc.us,necurs,dga
mzaxmjiwmtia.com,sisron,dga
f52mrn30fvo61pxm59hrnuo11gtotewo21l68ks.ru,murofetweekly,dga
jkrwekhbhvdhig.info,cryptolocker,dga
zhipin.com,legit,notdga
buzzfeed.com,legit,notdga
rackspace.com,legit,notdga
i828ywu0ywqs.net,qadars,dga
tripattractaccesspenfinance.com,matsnu,dga
jeqpdns.com,charbot,dga
hwcdn.net,legit,notdga
qelvijoucyjfij66.com,bedep,dga
xxxxx520.com,legit,notdga
tlubrsensinaix.com,banjori,dga
myanimelist.net,legit,notdga
u6s676w8gpm8cng.ddns.net,corebot,dga
quillbot.com,legit,notdga
chess.com,legit,notdga
dwsl.co.nz,conficker,dga
foqitoh.info,simda,dga
avhevupauxex.ddns.net,symmi,dga
qptlcfcbioocvrqdr.pw,ranbyus,dga
playstation.net,legit,notdga
ya.ru,legit,notdga
pixiv.net,legit,notdga
tistory.com,legit,notdga
quantserve.com,legit,notdga
fuxbozde.ru,pushdo,dga
iievma.com,virut,dga
cedexis.net,legit,notdga
pxgmrqalvu.com,alureon,dga
mysql.com,legit,notdga
squarespacedns.com,legit,notdga
dribbble.com,legit,notdga
zuhaoaxueehzg6.com,bedep,dga
whiosphedghi.com,tinba,dga
duyvxjbzhq.com,dnschanger,dga
cdnbasket.net,legit,notdga
sina.cn,legit,notdga
ttvnw.net,legit,notdga
enshshg.org,tempedreve,dga
xfinity.com,legit,notdga
sbamwingzknizhckntc.com,dircrypt,dga
yahoo.co.jp,legit,notdga
mercadolibre.com.ar,legit,notdga
ekxdufxllm.com,fobber,dga
fydirlfheqtouzlgypvxpfmfov.info,gameover,dga
constantcontact.com,legit,notdga
trbcdn.net,legit,notdga
okta.com,legit,notdga
imgsmail.ru,legit,notdga
goskope.com,legit,notdga
bb7ac12522febb08b4ec51321fcb8746.com,tinynuke,dga
entergy.com,legit,notdga
health.mil,legit,notdga
until-infant.ps,nymaim,dga
lxlnxmgbhyoclg.pw,locky,dga
kitoqlok.ru,pushdo,dga
e-msedge.net,legit,notdga
relaxationprint.re,nymaim,dga
tiktokcdn.com,legit,notdga
z3ktcq882wk6jrezyg.com,rovnix,dga
j3df872db55a3bf2ec78fc54ff85680903.ws,dyre,dga
gumroad.com,legit,notdga
appsflyer.com,legit,notdga
nuilaaxas.mobi,pitou,dga
envvykfstan91.com,bedep,dga
genius.com,legit,notdga
icloud.com,legit,notdga
2gis.com,legit,notdga
google.co.uk,legit,notdga
godaddy.com,legit,notdga
bynfxwndyhpjeozonvzxtugxg.com,murofet,dga
afzfpny.cc,proslikefan,dga
telecid.ru,legit,notdga
google.it,legit,notdga
dhxmjnfyumbi.ru,tinba,dga
lnpxtzffvq.com,dircrypt,dga
abqeccvqtbs.net,vidro,dga
mtfigh.com,virut,dga
icloud-content.com,legit,notdga
ozon.ru,legit,notdga
mzexmjiwmtia.com,sisron,dga
atlassian.net,legit,notdga
notion.so,legit,notdga
qxsexqsgnkrysntoz.biz,qakbot,dga
cwaeqyeoya.net,pykspa,dga
knowdare.net,suppobox,dga
mediahils.ru,legit,notdga
mrqmmqsapa.in,mydoom,dga
idlxfhyif.ps,conficker,dga
epqmsmqqma.ws,mydoom,dga
wyycyagqjfegxukfu.su,ranbyus,dga
vjmenusqmy.com,fobber,dga
bxvsyhvjnk.com,dnschanger,dga
cmpvbeesuguyfuuugthhid.info,qakbot,dga
cpanel.net,legit,notdga
anfneeabaodnbnob.online,padcrypt,dga
un.org,legit,notdga
qeqohi.info,simda,dga
sagepub.com,legit,notdga
starbucks.com,legit,notdga
wordpress.com,legit,notdga
rackspaceclouddb.com,legit,notdga
uj9gz24qeeni1lby2l214idsv6.net,zeus-newgoz,dga
naksknet.net,charbot,dga
buydomains.com,legit,notdga
yubzrsensinaix.com,banjori,dga
wghxsplbbjht.com,tinba,dga
shbxecshjjy.eu,ramnit,dga
zendesk.com,legit,notdga
ysjvzspmltnxzmo.net,murofet,dga
shjuovpp.com,dircrypt,dga
vrnixstxftvpfo.com,ramnit,dga
nr-data.net,legit,notdga
blog.jp,legit,notdga
vsdvzwt.com,oderoor,dga
youdao.com,legit,notdga
azure.com,legit,notdga
smzdm.com,legit,notdga
gandi.net,legit,notdga
mhq0qh1lojkrm8e4cdm6m2a.ddns.net,corebot,dga
dell.com,legit,notdga
reliefriskrespondadaptcraft.com,matsnu,dga
31b4bd31fg1x2.org,monerominer,dga
euypqshgelhywcrwjnijvcr.org,murofet,dga
patreon.com,legit,notdga
arubanetworks.com,legit,notdga
lwsdns.com,legit,notdga
86oy8e42s24m.top,qadars,dga
nasa.gov,legit,notdga
debian.org,legit,notdga
akam.net,legit,notdga
4mnnutyfxje4h.com,shiotob,dga
jianshu.com,legit,notdga
fsgrdrprsm.com,alureon,dga
office.net,legit,notdga
lyrovudi.info,simda,dga
jikfepsuoroajd.co.uk,cryptolocker,dga
vradfuchimxjxdx.info,cryptolocker,dga
feishu.cn,legit,notdga
115.com,legit,notdga
tent62jfkurtsyap.biz,chinad,dga
xoseolat.ru,pushdo,dga
iwiqedomnn.cc,kraken,dga
hupu.com,legit,notdga
xvzqbimttk.cc,oderoor,dga
qjvgzyroecymwresreu.com,dircrypt,dga
6c605059c279fb052e57d7f3263bc307.com,tinynuke,dga
youku.com,legit,notdga
worldfcdn.com,legit,notdga
ymofe7pdzmn5xvmyra.net,rovnix,dga
gpctgftmd.com,kraken,dga
norton.com,legit,notdga
gsrbgwecdgjidgdc.eu,emotet,dga
qqjkrsensinaix.com,banjori,dga
5l0okp1boizhg1lus61rjjh7h.org,zeus-newgoz,dga
merriam-webster.com,legit,notdga
mailchi.mp,legit,notdga
rupcesn.cc,pykspa,dga
uohlrpfihoeaxknk.de,locky,dga
apple-dns.net,legit,notdga
6w6cqsqsekag.org,qadars,dga
whatsapp.com,legit,notdga
eastmoney.com,legit,notdga
fdamcmbdnokecnof.co,padcrypt,dga
inchmfygepetwkd.com,cryptolocker,dga
64mwmoa428uk.top,qadars,dga
googleapis.com,legit,notdga
discord.com,legit,notdga
oraclecloud.com,legit,notdga
travellingnecessity.pk,nymaim,dga
schwab.com,legit,notdga
android.com,legit,notdga
notamedia.ru,legit,notdga
31b4bd31fg1x2.hosting,monerominer,dga
yimg.com,legit,notdga
onlyfans.com,legit,notdga
xqcarmsfycij.com,ramnit,dga
vscxggbwkf.com,dnschanger,dga
dzeninfra.ru,legit,notdga
ecuhiboieaeovw.biz,cryptolocker,dga
tncjmrrboxohtffrr.tw,ranbyus,dga
verisign.com,legit,notdga
smmyuhxlt.net,oderoor,dga
k0lbcy.ga,qsnatch,dga
vk.com,legit,notdga
azure-dns.com,legit,notdga
ampproject.org,legit,notdga
cloudapp.net,legit,notdga
amazon.in,legit,notdga
lefigaro.fr,legit,notdga
rbc.ru,legit,notdga
zkuhalzrmn.com,oderoor,dga
zuavaxhmc.ag,conficker,dga
wisc.edu,legit,notdga
gosuslugi.ru,legit,notdga
adobe.com,legit,notdga
aiiwshricn.com,qakbot,dga
ysflwk.com,virut,dga
ziikz2.tk,qsnatch,dga
medallia.com,legit,notdga
edgekey.net,legit,notdga
xgnlsdnmhj.info,tempedreve,dga
skgguskwugcacaay.org,ramdo,dga
6l6zw6bcpt6yjdlsix.ru,rovnix,dga
huffpost.com,legit,notdga
tqbmiuywoywolsfev.com,ranbyus,dga
hugedomains.com,legit,notdga
jsdelivr.net,legit,notdga
windowsupdate.com,legit,notdga
lifagnicis.com,vawtrak,dga
pbraetsfwnnvwsvnr.com,dircrypt,dga
adriver.ru,legit,notdga
google.es,legit,notdga
acsbahq.cz,charbot,dga
rackcdn.com,legit,notdga
ntp.org,legit,notdga
mdewmtiwmtma.com,sisron,dga
mjgxmjiwmtia.org,sisron,dga
pverbuminetnveniarum.com,gozi,dga
wuhpzndzn.dyndns.org,kraken,dga
nflxso.net,legit,notdga
hrfgzfafabgxnxtmpk.com,bedep,dga
bbc.co.uk,legit,notdga
stanford.edu,legit,notdga
meetup.com,legit,notdga
kjtagufqbex.org,pykspa,dga
xmambdaytivtt.biz,cryptolocker,dga
appiancloud.com,legit,notdga
kyokwmesayqcgywc.org,ramdo,dga
up9dlw1taek6cq201yecdxxxr.org,zeus-newgoz,dga
cawefdir.com,vawtrak,dga
uber.com,legit,notdga
gmail.com,legit,notdga
qrmhrahsqh.info,mydoom,dga
djqrmauttlloabj.com,dircrypt,dga
npr.org,legit,notdga
gunatcea.ru,pushdo,dga
etufjyyetlib.com,tinba,dga
adnxs.com,legit,notdga
eakkdkkpopwx.org,cryptolocker,dga
ngenix.net,legit,notdga
cea2fe94d9ab374de95b30802ed1634d.com,tinynuke,dga
avito.ru,legit,notdga
telegraph.co.uk,legit,notdga
nuilaaxat.mobi,pitou,dga
zoro.to,legit,notdga
maidvejts.fr,charbot,dga
asus.com,legit,notdga
whpgogekkthau.co.uk,cryptolocker,dga
summarynotified.id,nymaim,dga
ymirohscgjxm.ru,cryptolocker,dga
wa.me,legit,notdga
b1bc086df017d40a4123488866a265b2.org,bamital,dga
kca9453145112cbeb12d512aefb49c0a63.to,dyre,dga
jtrihdur.com,dircrypt,dga
sberdevices.ru,legit,notdga
fda.gov,legit,notdga
wqfny6pifxk413eiykco7bfd9.org,zeus-newgoz,dga
tgmwzfzgkd.com,alureon,dga
youtu.be,legit,notdga
djouiogea.com,ramnit,dga
fontawesome.com,legit,notdga
aips-services.com,legit,notdga
desjardins.com,legit,notdga
xnxx.com,legit,notdga
herokuapp.com,legit,notdga
free.fr,legit,notdga
vnokygycsejyjxiweexoa.ru,necurs,dga
deviantart.com,legit,notdga
pgefafebxtaibxpp.im,necurs,dga
dnsowl.com,legit,notdga
hnmylhxtwcnw.xyz,tinba,dga
1niqrphvl5rhm8j4qzeguh2mz.net,zeus-newgoz,dga
intuit.com,legit,notdga
cymru.com,legit,notdga
51cto.com,legit,notdga
deloitte.com,legit,notdga
phasshssps.in,mydoom,dga
pammrhnews.in,mydoom,dga
facebook.net,legit,notdga
yakyyccquusiiass.org,ramdo,dga
ivi.ru,legit,notdga
pconline.com.cn,legit,notdga
ewj66f12ctk47gxhteynwdrlsitjufvjxp32.com,murofetweekly,dga
netangels.ru,legit,notdga
tbmzrsensinaix.com,banjori,dga
wellsfargo.com,legit,notdga
google.ca,legit,notdga
oxreecwuoh.ddns.net,symmi,dga
mailchimp.com,legit,notdga
columbia.edu,legit,notdga
sfad51b10698e68a37dde9478eb16e36ce.to,dyre,dga
gdrasjv.dyndns.org,kraken,dga
pumywop.info,simda,dga
clichesainc,deception,dga
igfhdijelqjx.ru,tinba,dga
0y4igasi0m8e.top,qadars,dga
lqqkdjrptp.info,qakbot,dga
egnaresdefi.com,vawtrak,dga
ks-cdn.com,legit,notdga
youtube-nocookie.com,legit,notdga
typepad.com,legit,notdga
dlqefx8omkcqhrgtbc.net,rovnix,dga
msn.cn,legit,notdga
hfenqknfb.tv,kraken,dga
yale.edu,legit,notdga
dxhhsjmthbsh.info,tinba,dga
vicictac.ru,pushdo,dga
forter.com,legit,notdga
surveymonkey.com,legit,notdga
ef52c386a26a9f5ce4d0edf770f41a20.com,tinynuke,dga
myjmah.com,virut,dga
pzpbdxqwguukwsxprdaauemrssgus.com,gameover,dga
hulu.com,legit,notdga
gamespot.com,legit,notdga
lbhqdifox.org,pykspa,dga
mozilla.org,legit,notdga
wgdbgo.biz,pykspa,dga
manitu.net,legit,notdga
googledomains.com,legit,notdga
freepik.com,legit,notdga
fb.com,legit,notdga
dynksjfconlsnzzqrzlxlhkhl.info,qakbot,dga
hao123.com,legit,notdga
jlkcfyqhktd.tv,kraken,dga
unesco.org,legit,notdga
iuayqogummwyokek.org,ramdo,dga
missav.com,legit,notdga
gizmodo.com,legit,notdga
rvicrqbgipy.info,tempedreve,dga
hdfcbank.com,legit,notdga
cup42lydyd60jxf62dvotc39gse61g43c29e11nw.com,murofet,dga
cambridge.org,legit,notdga
topdns.me,legit,notdga
allaboutcookies.org,legit,notdga
incapdns.net,legit,notdga
braze.com,legit,notdga
8e0651da22685.feedback,monerominer,dga
cornell.edu,legit,notdga
e0ao6smwugik.top,qadars,dga
mi.com,legit,notdga
mts.ru,legit,notdga
berkeley.edu,legit,notdga
slack.com,legit,notdga
ojsqogmeflmlsros.be,locky,dga
vsldpayqbtixlclfp.com,ranbyus,dga
salesforceliveagent.com,legit,notdga
xuqfkcsbccwmflwlqn.com,dircrypt,dga
msftncsi.com,legit,notdga
uqmkuzo.net,tempedreve,dga
service-now.com,legit,notdga
swrve.com,legit,notdga
stackoverflow.com,legit,notdga
crunchyroll.com,legit,notdga
youtube.com,legit,notdga
uusmleltxiook.biz,murofet,dga
bcwopfctcvkjiuaf.com,sphinx,dga
coachcontributemachineconsider.com,matsnu,dga
fc2.com,legit,notdga
p5ibj9v1r.cf,qsnatch,dga
overafazg.org,tempedreve,dga
trustpilot.com,legit,notdga
blogger.com,legit,notdga
statista.com,legit,notdga
p2w33n1ah998s12fm0h7mjyz9y.org,zeus-newgoz,dga
nbcnews.com,legit,notdga
azurefd.net,legit,notdga
doi.org,legit,notdga
speechmatics.com,legit,notdga
nga.cn,legit,notdga
xcal.tv,legit,notdga
atlassian.com,legit,notdga
kakao.com,legit,notdga
oup.com,legit,notdga
umich.edu,legit,notdga
wkuypctohgsg6.com,bedep,dga
parufeufxagufae.ddns.net,symmi,dga
pewresearch.org,legit,notdga
msftconnecttest.com,legit,notdga
qbfxuvkqljevntvqnuqvp.info,qakbot,dga
worldnic.com,legit,notdga
walmart.com,legit,notdga
wqsqsm02w2o2.org,qadars,dga
zhjmwglzzdkvlzzdqsjnxwl.org,murofet,dga
pdcjrdczdl.com,vidro,dga
line.me,legit,notdga
ea.com,legit,notdga
omwaetvue.ddns.net,symmi,dga
o0o01f10s61v5va.ddns.net,corebot,dga
openstreetmap.org,legit,notdga
xiaohongshu.com,legit,notdga
openingdelayboatorderwish.com,matsnu,dga
tripadvisor.com,legit,notdga
vvuyetphpoam.com,cryptolocker,dga
alibabadns.com,legit,notdga
afspypmvmh.com,tempedreve,dga
3g4l1vdwt7lecjspcf.cn,rovnix,dga
ewxjjtoehlkygcfo.in,locky,dga
prwppnhpwh.in,mydoom,dga
voting-defeat.in,nymaim,dga
amzn.to,legit,notdga
qhsuvxcug.com,dircrypt,dga
kpeicityaftertravel.com,manuelita,dga
jb51.net,legit,notdga
galaxydata.ru,legit,notdga
nuilaaxad.mobi,pitou,dga
powerbi.com,legit,notdga
creativecommons.org,legit,notdga
meraki.com,legit,notdga
fmkorea.com,legit,notdga
redhat.com,legit,notdga
xuuypwgcclreidma.com,sphinx,dga
kevobyd.info,simda,dga
outbrain.com,legit,notdga
nature.com,legit,notdga
uxkpnaydizjfdyeupaqfyamug.org,murofet,dga
dhgtnzkhark.net,tempedreve,dga
roche.com,legit,notdga
udemy.com,legit,notdga
ibm.com,legit,notdga
16stlrkvl09711aohwty1dar3j2.net,zeus-newgoz,dga
mashable.com,legit,notdga
about.com,legit,notdga
coinmarketcap.com,legit,notdga
app-measurement.com,legit,notdga
ggfqyuiiuycg.com,tinba,dga
ziikz2c5.tk,qsnatch,dga
granvillechamberlain.net,suppobox,dga
lenovo.com,legit,notdga
apple.com,legit,notdga
rskb5bsfhm2fk5h.net,shiotob,dga
sksyiciugcooimuo.org,ramdo,dga
o51ftp62gro61bugvh34nrgtcxawgtexfvd50.net,murofet,dga
xunrvrstbe,deception,dga
4mwikqkesykm.net,qadars,dga
science.org,legit,notdga
zillow.com,legit,notdga
e4zm4yxpnikf2.net,shiotob,dga
opendns.com,legit,notdga
yjmhurcro2wt10o41hafyhe.ddns.net,corebot,dga
sshgmicdfhfqtrck.com,sphinx,dga
ukjsguauctdxhpts.com,sphinx,dga
rycoquqawyw.eu,simda,dga
whiupqqfxncjmygk.eu,emotet,dga
47faeb4f1b75a48499ba14e9b1cd895a.info,bamital,dga
gzahihgp.com,tempedreve,dga
1qfsvb6pb7x50rnv8bgxovrzs.biz,zeus-newgoz,dga
hiifitfjutr.dynserv.com,kraken,dga
mnjydtgeyxwcitofonhxtwl.biz,murofet,dga
zoom.us,legit,notdga
edgecdn.ru,legit,notdga
adohgatd.com,vawtrak,dga
myfritz.net,legit,notdga
h90a4xdhbctapc6c.net,chinad,dga
gjbpodmaymxekjjbxzcusohx.com,qakbot,dga
cam.ac.uk,legit,notdga
cloudfront.net,legit,notdga
bmj.com,legit,notdga
aboutads.info,legit,notdga
3ba0e64882a02.hosting,monerominer,dga
1drv.com,legit,notdga
cdn-apple.com,legit,notdga
utexas.edu,legit,notdga
boikatbeepgoex.ddns.net,symmi,dga
a2ix16edy61f1xg.ddns.net,corebot,dga
pujotiqunif.eu,simda,dga
pauinimicoeassrediplease.com,gozi,dga
weibo.com,legit,notdga
3ba0e64882a02.org,monerominer,dga
dyjuslxxyxwvukkwwtxa.com,zloader,dga
ziikz2c5b.tk,qsnatch,dga
seogirug.ru,pushdo,dga
igodigital.com,legit,notdga
etisso,deception,dga
prnewswire.com,legit,notdga
guzcwufqbex.org,pykspa,dga
360yield.com,legit,notdga
cnnmlrgakt.com,fobber,dga
cewumsur.com,vawtrak,dga
cbc.ca,legit,notdga
95c51c783ddbc06393b54d15e1ba15f1.com,tinynuke,dga
espn.com,legit,notdga
npmjs.com,legit,notdga
steampowered.com,legit,notdga
psychologytoday.com,legit,notdga
puzyjoq.com,simda,dga
dual-s-msedge.net,legit,notdga
nginx.com,legit,notdga
cmffmemddbfedfok.info,padcrypt,dga
ikcyqvvkncpclbob.eu,emotet,dga
qe4d7a3b77ef0d2a181298fc3e5cb527c0.cc,dyre,dga
vmware.com,legit,notdga
v2ex.com,legit,notdga
theguardian.com,legit,notdga
tryadsfox.cc,pykspa,dga
wpengine.com,legit,notdga
fpxepyzl.eu,proslikefan,dga
e2ro.com,legit,notdga
rvjtajkslz.com,alureon,dga
google.com.tw,legit,notdga
kickstarter.com,legit,notdga
vice.com,legit,notdga
khfgfx.com,virut,dga
nuilaaxav.mobi,pitou,dga
d5bee178b0dcfeb2f484d814736c4df6.com,tinynuke,dga
google.fr,legit,notdga
qyljav.com,virut,dga
hichina.com,legit,notdga
trustndswops.ru,charbot,dga
edxckiqy.com.bo,conficker,dga
noaa.gov,legit,notdga
quark.cn,legit,notdga
sciencedaily.com,legit,notdga
eqgqrsensinaix.com,banjori,dga
awfcwag.tv,kraken,dga
filsihux.ru,pushdo,dga
fgvvixjcemabkkxve.cc,ranbyus,dga
uci.edu,legit,notdga
sitemaps.org,legit,notdga
yxw46214asrvs1p7ddvy1jwm0x3.net,zeus-newgoz,dga
cooltlr.jp,charbot,dga
steamcommunity.com,legit,notdga
usnews.com,legit,notdga
fayifybfn.cd,conficker,dga
media.net,legit,notdga
yytsgypat.us,locky,dga
ouszgnbpji.co,proslikefan,dga
calendly.com,legit,notdga
3ba0e64882a02.tickets,monerominer,dga
jomodns.com,legit,notdga
lr1eve4qog1m2.net,shiotob,dga
pki.goog,legit,notdga
isvoehitl.ddns.net,symmi,dga
ondemand.com,legit,notdga
business.site,legit,notdga
xxthnffhjfyqkrmf.eu,emotet,dga
rspamd.com,legit,notdga
wixsite.com,legit,notdga
enhsmrpwnh.ws,mydoom,dga
mzaxmjiwmtia.net,sisron,dga
bit.ly,legit,notdga
envato.com,legit,notdga
osxonijybqh.net,kraken,dga
yghannmivgrifylp.eu,emotet,dga
sofrlwbecnv.tv,kraken,dga
chaturbate.com,legit,notdga
alicdn.com,legit,notdga
lafogge.com,vawtrak,dga
u2g7tw5yzkfh8ld6.com,chinad,dga
f3ucetvrypto.info,charbot,dga
pbeqeggzhk.dyndns.org,vidro,dga
kfmkbbcflbnbbcad.co,padcrypt,dga
c19gwcukvh54gyftk37dxowl68gqe51bumwd30.com,murofetweekly,dga
dduoduoguesfsonmxhpq.com,zloader,dga
siemens.com,legit,notdga
fnqqnqkvvuuv.com,tinba,dga
ria.ru,legit,notdga
wac-msedge.net,legit,notdga
spcsdns.net,legit,notdga
digicert.com,legit,notdga
stemmwuugqmrub.net,qakbot,dga
eqsaadnus.ddns.net,symmi,dga
b-cdn.net,legit,notdga
taopabab.info,pitou,dga
verenobiscumtext.com,gozi,dga
googleusercontent.com,legit,notdga
jvmjjbaikfojeatokbhauscupreyhih.biz,gameover,dga
mjkxmjiwmtia.info,sisron,dga
digitalocean.com,legit,notdga
twitter.com,legit,notdga
vtb.ru,legit,notdga
curtin.edu,legit,notdga
marca.com,legit,notdga
f1cc3b16f20e379136ddf5acf9fbe035.com,tinynuke,dga
techcrunch.com,legit,notdga
cnblogs.com,legit,notdga
ddakcecfbnbofbke.net,padcrypt,dga
cnbc.com,legit,notdga
youronlinechoices.com,legit,notdga
cmfukycjtz.com,fobber,dga
upxkxxvebm.com,dnschanger,dga
meojytusps.com,alureon,dga
nuilaaxac.mobi,pitou,dga
64ceclmcpf42oqiqhe.biz,rovnix,dga
yqyavpxkfrqcpvyen.com,necurs,dga
canonical.com,legit,notdga
kuysaymuaakockge.org,ramdo,dga
getbootstrap.com,legit,notdga
trgvsabqwsrcxtatwtconcuhu.net,gameover,dga
mabonuk.info,simda,dga
bytefcdn-oversea.com,legit,notdga
cdninstagram.com,legit,notdga
cupfox.app,legit,notdga
enjvatxpymxbcddidbmc.com,zloader,dga
xueqiu.com,legit,notdga
ovh.net,legit,notdga
tmall.com,legit,notdga
yiyouliao.com,legit,notdga
ucla.edu,legit,notdga
skype.com,legit,notdga
kykgmmyuogaswuuc.org,ramdo,dga
drawplus.net,manuelita,dga
rayjump.com,legit,notdga
pxaraxngdhpwsphao.com,ranbyus,dga
netflix.net,legit,notdga
lgqepktzvy.com,alureon,dga
globo.com,legit,notdga
usps.com,legit,notdga
google.de,legit,notdga
medium.com,legit,notdga
webwhighoke.com,manuelita,dga
msuoi0mwm4ew.top,qadars,dga
imvntcscqiir.ru,tinba,dga
shopify.com,legit,notdga
aaciuyimyesougck.org,ramdo,dga
playstation.com,legit,notdga
mzaxmjiwmtia.org,sisron,dga
live.com,legit,notdga
wetransfer.com,legit,notdga
nuilaaxaq.mobi,pitou,dga
wildberries.ru,legit,notdga
txumyqrubwutbb.cc,ranbyus,dga
livejournal.com,legit,notdga
wuejhyhzhg.com,alureon,dga
weforum.org,legit,notdga
pubmatic.com,legit,notdga
github.com,legit,notdga
dgqejmimisuzuxyg.net,qakbot,dga
shopee.tw,legit,notdga
tjdikerwbgmhwgccrqp.com,ramnit,dga
washingtonpost.com,legit,notdga
dw.com,legit,notdga
tqdwjcn.com,pykspa,dga
rbxcdn.com,legit,notdga
docker.com,legit,notdga
kpwiqmoibukehbeh.nl,locky,dga
yts.mx,legit,notdga
enbbeoidt.eu,proslikefan,dga
lwgwg23cucwg63o11gucth14etl38aucwj16o41.com,murofetweekly,dga
so.com,legit,notdga
ovscdns.com,legit,notdga
indeed.com,legit,notdga
2020-01-01,zloader,dga
bluehost.com,legit,notdga
cloudflare.net,legit,notdga
openai.com,legit,notdga
umbrella.com,legit,notdga
twitch.tv,legit,notdga
noodlemagazine.com,legit,notdga
dfpmwwlrv.hn,conficker,dga
rlxqrmxbvuorjbyfhhaq.com,zloader,dga
ezrmojnrzr.com,fobber,dga
mxwtptttyk.com,dnschanger,dga
qcwcrsensinaix.com,banjori,dga
ubuntu.com,legit,notdga
gcvmik.info,pykspa,dga
tiktokv.com,legit,notdga
cyshvlhdqb.com,fobber,dga
nkcomceobbcebnkb.co.uk,padcrypt,dga
zauxabab.net,pitou,dga
doubleclick.com,legit,notdga
mzexmjiwmtia.net,sisron,dga
kzpyxmjamorovqwincavcuwzcm.ru,gameover,dga
netease.com,legit,notdga
usatoday.com,legit,notdga
pvgemifox.com,pykspa,dga
centumfaciunt.com,gozi,dga
zpqlycbu.cc,proslikefan,dga
8e0651da22685.org,monerominer,dga
karhbtghabtkek.com,bedep,dga
spaceweb.pro,legit,notdga
jeannetteabrahamson.net,suppobox,dga
rambler.ru,legit,notdga
ftjumvh34dyfqhugtpudteukqm69j46i25l58.com,murofet,dga
8e0651da22685.hosting,monerominer,dga
47faeb4f1b75a48499ba14e9b1cd895a.org,bamital,dga
gnu.org,legit,notdga
digikala.com,legit,notdga
makeupgrade.com,manuelita,dga
biw31rutkpwy2voc8s.net,rovnix,dga
reg.ru,legit,notdga
scorecardresearch.com,legit,notdga
expedia.com,legit,notdga
herokudns.com,legit,notdga
hbr.org,legit,notdga
ulifmxduic.com,alureon,dga
researchgate.net,legit,notdga
forest7ireoub.info,charbot,dga
shein.com,legit,notdga
gartner.com,legit,notdga
eahecmvkdytdissgkbfmucbqrw.net,gameover,dga
google.com.au,legit,notdga
qbhawadsholapet.com,pykspa,dga
pbmnz59uzndpo.com,shiotob,dga
ztblijlwdbxfnp.com,qakbot,dga
xiiqauttesedpapa.com,gozi,dga
slideshare.net,legit,notdga
dnkirsensinaix.com,banjori,dga
yandex.com,legit,notdga
snwpyly6w8aledkxkbu.ddns.net,corebot,dga
k0lbcyln.ga,qsnatch,dga
ca.gov,legit,notdga
mzstatic.com,legit,notdga
ixekrihagimau.ddns.net,symmi,dga
aiv-cdn.net,legit,notdga
cnn.com,legit,notdga
xerox.com,legit,notdga
ccfupgfxjvbi.com,tinba,dga
cqcesugi0y8y.top,qadars,dga
pixabay.com,legit,notdga
bcfddbdddfbbnacb.com,padcrypt,dga
capitalone.com,legit,notdga
cpukfywihcsyoafxmvga.com,zloader,dga
381ed097870ca065ba2ee82a9a6aba48.info,bamital,dga
azureedge.net,legit,notdga
gmmciakuqiwiuygk.org,ramdo,dga
miit.gov.cn,legit,notdga
xlfxfdv.pw,locky,dga
nuilaaxal.mobi,pitou,dga
evangelinagallagher.net,suppobox,dga
kxggplcphhqtpyyq.com,sphinx,dga
geholdi.com,vawtrak,dga
hziddfcv.net,vidro,dga
dhl.com,legit,notdga
mirtesen.ru,legit,notdga
d61071e775bc5b8289792009a61be2c2.com,tinynuke,dga
bjubwzd.com.bo,conficker,dga
rwdyswdalbfuxgxtucswnvjrdtw.ru,gameover,dga
netflix.com,legit,notdga
tarerid362w,deception,dga
n0wmj867ro1lcvbk.cn,chinad,dga
businessinsider.com,legit,notdga
klarna.net,legit,notdga
udsatun.com,vawtrak,dga
mediafire.com,legit,notdga
mckinsey.com,legit,notdga
pccc.com,legit,notdga
ogkqkycsqckosqck.org,ramdo,dga
oreilly.com,legit,notdga
github.io,legit,notdga
pkybdygjpzlrynumcwfp.info,qakbot,dga
nexon.com,legit,notdga
eventbrite.com,legit,notdga
wywpfkmdyh.dyndns.org,vidro,dga
getpocket.com,legit,notdga
varzesh3.com,legit,notdga
saosihiobgxcxmui.eu,emotet,dga
lzpzrsensinaix.com,banjori,dga
hostinger.com,legit,notdga
nike.com,legit,notdga
alibaba.com,legit,notdga
flahatbbxy.tv,oderoor,dga
d421bea072ad3ba5e14625ced7e0f811.com,tinynuke,dga
etsy.com,legit,notdga
montgomeryconstable.net,suppobox,dga
unmmhvnklfdombjhb.com,ramnit,dga
apnews.com,legit,notdga
runoob.com,legit,notdga
sedo.com,legit,notdga
xmkhnsgij.in,locky,dga
fnosrsensinaix.com,banjori,dga
datadoghq.com,legit,notdga
duckduckgo.com,legit,notdga
npemrsensinaix.com,banjori,dga
newsweek.com,legit,notdga
cloudns.net,legit,notdga
nytimes.com,legit,notdga
gspgnrgeje.com,ramnit,dga
nordra0s.nz,charbot,dga
sciencedirect.com,legit,notdga
rzone.de,legit,notdga
bjdp3ovffvn4ne4ds7.ru,rovnix,dga
latimes.com,legit,notdga
bejlmmwvfoxxtlnb.eu,emotet,dga
change.org,legit,notdga
nuilaaxak.mobi,pitou,dga
yqnwiookuonujole.com,sphinx,dga
mdewmtiwmtma.info,sisron,dga
intel.com,legit,notdga
ggpht.com,legit,notdga
abusix.zone,legit,notdga
realsrv.com,legit,notdga
jotform.com,legit,notdga
espmaermsn.ws,mydoom,dga
eweuvepbmpeknlauleqwi.kz,necurs,dga
lcdthwtbbyxjb92.com,bedep,dga
sioursensinaix.com,banjori,dga
mdewmtiwmtma.org,sisron,dga
bitbucket.org,legit,notdga
djhvtxtklbfoajwkt.pw,ranbyus,dga
cugmcilhgqvgkztoongaebimndy.com,gameover,dga
journeyvalley.net,suppobox,dga
qualtrics.com,legit,notdga
comcast.net,legit,notdga
ecca14cc3f5be1d665cbe8992beddc6c2d.hk,dyre,dga
xlfxfdv.pw,locky,dga
skyhigh.cloud,legit,notdga
eset.com,legit,notdga
nstld.com,legit,notdga
ocykiaammsweeisa.org,ramdo,dga
ox.ac.uk,legit,notdga
harrietteanabella.net,suppobox,dga
alidns.com,legit,notdga
elasticbeanstalk.com,legit,notdga
42f2f603dbf06493ca5a16e1b968d30c.org,bamital,dga
primevideo.com,legit,notdga
movru.nu,manuelita,dga
nih.gov,legit,notdga
yandex.ru,legit,notdga
aemvlwpxxfca5gvl6t.ru,rovnix,dga
acyvyadrbkvij.org,cryptolocker,dga
aliyun.com,legit,notdga
fdnzvkpmxcnjovwghemxkf.ru,gameover,dga
fcfccmfdefdaflbd.cc,padcrypt,dga
dikeabok.ru,pushdo,dga
lfenxnkmagobodkt.eu,emotet,dga
nuilaaxar.mobi,pitou,dga
mkkfctdrecvnmdqm.eu,emotet,dga
spo-msedge.net,legit,notdga
va.gov,legit,notdga
ok.ru,legit,notdga
s6enh11be2baf6c8i6j1wjdl79.biz,zeus-newgoz,dga
etdzjygrexlvjuiyctlwkwk17n50e41cwn50.ru,murofet,dga
gunignodesafetyusa.net,manuelita,dga
qmguwdto.co,proslikefan,dga
scuba-qualities.sh,nymaim,dga
biomedcentral.com,legit,notdga
gofundme.com,legit,notdga
google.co.jp,legit,notdga
itveleamncuiusconcio.com,gozi,dga
consultant.ru,legit,notdga
bdydns.com,legit,notdga
ouoso31aymwp62l38dsmwi65j16f42hxiuj66or.org,murofetweekly,dga
btwinlmagni.com,manuelita,dga
fumnwhpyxhoo.pw,tinba,dga
fulslu.at,charbot,dga
fshjnakorbppslys.org,qakbot,dga
sen4i12uzyixx.com,shiotob,dga
forms.gle,legit,notdga
amazon.fr,legit,notdga
sentry.io,legit,notdga
mejyujl.tv,oderoor,dga
fiverr.com,legit,notdga
1ruvwjy4u850385.ddns.net,corebot,dga
p5ibj9.cf,qsnatch,dga
gaxkpo.biz,pykspa,dga
mmggpwhxumpk.biz,tinba,dga
ripn.net,legit,notdga
ixovevedusxeha.ddns.net,symmi,dga
rjyorryv.com,ramnit,dga
kwbtmpqqopfotrng.eu,emotet,dga
oecd.org,legit,notdga
cvejqpt.eu,proslikefan,dga
1337x.to,legit,notdga
uwcoqhnuoxhlaq.co.uk,cryptolocker,dga
bcclodcdnbcfbcfb.online,padcrypt,dga
mcafee.com,legit,notdga
irkigltncp.com,fobber,dga
xiaomi.com,legit,notdga
rf03bf27ef728d5a724ef8b50b13106004.ws,dyre,dga
pdrjgeftdgaenhrg.eu,emotet,dga
sharefoundela.com,manuelita,dga
telegram.org,legit,notdga
cloudflare.com,legit,notdga
ndjboirblxfr.ru,cryptolocker,dga
sourceforge.net,legit,notdga
zalando.com,legit,notdga
bylbxohln.com,vidro,dga
go.com,legit,notdga
28cf3120d913bc0278d43fe66ac2b1b5.com,tinynuke,dga
ocqucwqyoemgweck.org,ramdo,dga
test-hf.ru,legit,notdga
nhentai.net,legit,notdga
ytimg.com,legit,notdga
cdnhwc2.com,legit,notdga
sharethrough.com,legit,notdga
cvyh1po636avyrsxebwbkn7.ddns.net,corebot,dga
quora.com,legit,notdga
fastcompany.com,legit,notdga
mqmq1hvmtxzjv.net,shiotob,dga
mayoclinic.org,legit,notdga
3dmgame.com,legit,notdga
o7a657ddd032dfc910379cc9f0778052e7.tk,dyre,dga
cjdgvh.com,virut,dga
ax7ju4k4gjwdulmrq4w.ddns.net,corebot,dga
dmm.co.jp,legit,notdga
iqiyi.com,legit,notdga
j7vb8gfxpdujafg2ds1dih3vj.biz,zeus-newgoz,dga
amazon.es,legit,notdga
linktr.ee,legit,notdga
ddnss.de,legit,notdga
amazon.com.mx,legit,notdga
hrgwtkaaryplkmsiucr.net,necurs,dga
yhyrvyhkit.com,dnschanger,dga
speedtest.net,legit,notdga
cnki.net,legit,notdga
qyznztbubpzs.net,vidro,dga
trello.com,legit,notdga
b646a2a5135ebcd06438298bab2732fa.com,tinynuke,dga
brothernerveplacebringconsult.com,matsnu,dga
googletagmanager.com,legit,notdga
mqbkhlimrgliatbw.eu,emotet,dga
cctv.com,legit,notdga
vfpihrbsh.cc,proslikefan,dga
azurewebsites.net,legit,notdga
independent.co.uk,legit,notdga
openx.net,legit,notdga
webpkgcache.com,legit,notdga
feedburner.com,legit,notdga
academia.edu,legit,notdga
ieee.org,legit,notdga
lyrelox.info,simda,dga
nuilaaxag.mobi,pitou,dga
pibcglrj.com,oderoor,dga
myworkdayjobs.com,legit,notdga
facebook.com,legit,notdga
universityavoidpeakcalculate.com,matsnu,dga
tandfonline.com,legit,notdga
amazonaws.com,legit,notdga
zvsrtkjpre.com,dnschanger,dga
aljazeera.com,legit,notdga
fdv2-t-msedge.net,legit,notdga
eporner.com,legit,notdga
a2z.com,legit,notdga
google.com.tr,legit,notdga
somac3q3351dgtq0.cn,chinad,dga
p32pqkrk27a27g13evgzo21pydqa17ewbzctez.com,murofetweekly,dga
ziikz2c5bk.tk,qsnatch,dga
evernote.com,legit,notdga
gqyuyiooowgoucqi.org,ramdo,dga
wheelsettlerealizecompare.com,matsnu,dga
623bf20d36fd8.blackfriday,monerominer,dga
ifeng.com,legit,notdga
gqrevbuycfrpbiokbxls.com,zloader,dga
dailymotion.com,legit,notdga
ipify.org,legit,notdga
dnkxqgjbfq.com,alureon,dga
douyin.com,legit,notdga
nypost.com,legit,notdga
31b4bd31fg1x2.tickets,monerominer,dga
douyu.com,legit,notdga
7kbw939.ml,qsnatch,dga
znrmgaikx.vn,conficker,dga
amazonvideo.com,legit,notdga
owliluheukcuok.ddns.net,symmi,dga
nuilaaxab.mobi,pitou,dga
5xong07reny4cxu4q6o.ddns.net,corebot,dga
msn.com,legit,notdga
office.com,legit,notdga
forbes.com,legit,notdga
hicloud.com,legit,notdga
9gag.com,legit,notdga
qfvnxlsyjw.com,fobber,dga
tumblr.com,legit,notdga
5sjvkp7f1k8jobaqyo.biz,rovnix,dga
misahgotde.com,vawtrak,dga
iv4re2oklh1wp7ukn7.ru,rovnix,dga
pxklygmpweqepwhk.com,sphinx,dga
lnlfdxfirc.com,dnschanger,dga
uxeychmmqyv.dyndns.org,vidro,dga
rakuten.co.jp,legit,notdga
zeybpfzywxdxnht.com,dircrypt,dga
consequenceexchangestrip.com,matsnu,dga
piopwghey.co,proslikefan,dga
dheifodws.eu,proslikefan,dga
kycmwawegm46.top,qadars,dga
matrixounterstools.com,manuelita,dga
dbdhqfexkkip0.com,bedep,dga
attn.tv,legit,notdga
ohthree.com,legit,notdga
paypal.com,legit,notdga
zhihu.com,legit,notdga
xmkhnsgij.in,locky,dga
craigslist.org,legit,notdga
rbp9pprrxgflut9.com,shiotob,dga
fbcdn.net,legit,notdga
python.org,legit,notdga
intermedia.net,legit,notdga
sxyprn.com,legit,notdga
mdpi.com,legit,notdga
gtld-servers.net,legit,notdga
nist.gov,legit,notdga
evmmhu.am,conficker,dga
aliyuncs.com,legit,notdga
trafficmanager.net,legit,notdga
9b86bb2ef4bad69cca0110076215e1f4.org,bamital,dga
t.me,legit,notdga
indiatimes.com,legit,notdga
canxoxeo.ru,pushdo,dga
behance.net,legit,notdga
nginx.org,legit,notdga
mziakxxeieemqaxags.biz,rovnix,dga
pdkzgfslijbsfvc.com,bedep,dga
google.co.th,legit,notdga
esergimlohw.com,vawtrak,dga
ovpzl48k57fvhycrcscuatosp42c39n50jxhx.com,murofetweekly,dga
q60coxnn83zj7i9u.org,chinad,dga
fhgjdfjt.cc,oderoor,dga
ylvsojdinvbitsyduyxmjgydwo.org,gameover,dga
rocket-cdn.com,legit,notdga
wiley.com,legit,notdga
worldbank.org,legit,notdga
qfkxaletqdoedqwl.com,sphinx,dga
gitlab.com,legit,notdga
ijghxlxrxu.com,alureon,dga
networkadvertising.org,legit,notdga
jcgvkpjsnmsefonoaeqa.com,zloader,dga
gentlebicycle.net,suppobox,dga
sdwrkn52clmvut5tkb5.ddns.net,corebot,dga
office365.com,legit,notdga
lvkej7.jp,charbot,dga
europa.eu,legit,notdga
remove.bg,legit,notdga
unsplash.com,legit,notdga
utxexuagipix.ddns.net,symmi,dga
time.com,legit,notdga
mjgxmjiwmtia.net,sisron,dga
vwtumucrqykehpol.com,sphinx,dga
animeflv.net,legit,notdga
gfsxixa.org,tempedreve,dga
b-msedge.net,legit,notdga
fastly.net,legit,notdga
soundcloud.com,legit,notdga
tencent.com,legit,notdga
s-msedge.net,legit,notdga
launchpad.net,legit,notdga
aaplimg.com,legit,notdga
ormelsterica,deception,dga
mtp22mzmznzf12kzivhwo11lvizo31f42drmu.org,murofet,dga
1688.com,legit,notdga
msedge.net,legit,notdga
vungle.com,legit,notdga
google.co.kr,legit,notdga
myshopify.com,legit,notdga
iairgroup.com,legit,notdga
9b86bb2ef4bad69cca0110076215e1f4.cz.cc,bamital,dga
zwpvyqskszhxswr.info,murofet,dga
bandcamp.com,legit,notdga
trasxo.us,charbot,dga
wal-mart.com,legit,notdga
ally.com,legit,notdga
windows.com,legit,notdga
ddns.net,legit,notdga
clickownaccountshowwellfloor.com,matsnu,dga
nba.com,legit,notdga
mgtopunirvjwsrpfnocn.com,zloader,dga
dropbox.com,legit,notdga
8e0651da22685.tickets,monerominer,dga
visualstudio.com,legit,notdga
opfulminatdevotam.com,gozi,dga
opera.com,legit,notdga
marriott.com,legit,notdga
pornhub.com,legit,notdga
awjakjwlc.tv,oderoor,dga
qcbottyqhptg.ru,tinba,dga
kaspersky-labs.com,legit,notdga
fpiivkagoyyqtc.biz,necurs,dga
cdjimfjspm.com,fobber,dga
kktrtevjrkif.com,dircrypt,dga
eepurl.com,legit,notdga
pearson.com,legit,notdga
rt.ru,legit,notdga
name-services.com,legit,notdga
wqpnzdoief.com,alureon,dga
whatsapp.net,legit,notdga
ivfzoudun10o61budzi65d10i25mug33prgxk47.org,murofetweekly,dga
gravatar.com,legit,notdga
d65ibarr.com,charbot,dga
businesswire.com,legit,notdga
wsj.com,legit,notdga
tdrvjrx.net,vidro,dga
vikjujsiuw.com,fobber,dga
fandom.com,legit,notdga
reddit.com,legit,notdga
ejazapox.com,tempedreve,dga
cyudaxstovgabidqhqbagatl.biz,gameover,dga
quizlet.com,legit,notdga
istockphoto.com,legit,notdga
escgzgztplehcjt.org,qakbot,dga
fe25f54a057217ce7ecdefe7bf325b0202.cn,dyre,dga
google.com,legit,notdga
ndudjipdngygiabt.com,dircrypt,dga
ogufsurnofs.com,vawtrak,dga
elernufdorg.com,vawtrak,dga
0y4yweo28agq.org,qadars,dga
spotify.com,legit,notdga
cuqcfkbxng.com,dnschanger,dga
checkpoint.com,legit,notdga
idfhlvrqhdjv.dyndns.org,vidro,dga
ecvqf.ly,conficker,dga
daraz.com,legit,notdga
ejvsosakyqajnflirjdt.com,zloader,dga
qnpwfupeietpd8.com,bedep,dga
3ba0e64882a02.blackfriday,monerominer,dga
42f2f603dbf06493ca5a16e1b968d30c.info,bamital,dga
beeline.ru,legit,notdga
jqp9aeyu9eikws9efy1xl1pvf.biz,zeus-newgoz,dga
mvkxgdehmrerkjef7456ofw.ddns.net,corebot,dga
nuilaaxam.mobi,pitou,dga
imdb.com,legit,notdga
akismet.com,legit,notdga
16gjat74127n30g4ohcdi0q.ddns.net,corebot,dga
dnsimple.com,legit,notdga
windows.net,legit,notdga
nintendo.net,legit,notdga
47faeb4f1b75a48499ba14e9b1cd895a.co.cc,bamital,dga
reuters.com,legit,notdga
spankbang.com,legit,notdga
feagichi.ru,pushdo,dga
mega.nz,legit,notdga
owqyvra.in,locky,dga
nogae3tytdbwvx2y.biz,chinad,dga
sxilgdils.com,tempedreve,dga
qkdchxxxzn.com,alureon,dga
kisozong.org,charbot,dga
cznerufqbex.cc,pykspa,dga
instagram.com,legit,notdga
zoho.com,legit,notdga
cox.net,legit,notdga
alipay.com,legit,notdga
atomile.com,legit,notdga
webmd.com,legit,notdga
sony.com,legit,notdga
wbx2.com,legit,notdga
fvsmqbkq.jp,necurs,dga
tophost.com,manuelita,dga
myspace.com,legit,notdga
052927ceb583b1daedecadc662132df6.com,tinynuke,dga
xvctydfxovhxfjkotaii.xxx,necurs,dga
showerremoveegggroundobject.com,matsnu,dga
crashlytics.com,legit,notdga
huffingtonpost.com,legit,notdga
americanexpress.com,legit,notdga
rjyuosmhfnaedlyg.eu,emotet,dga
xbox.com,legit,notdga
homedepot.com,legit,notdga
namebrightdns.com,legit,notdga
k37oxi25m69muawoyo11a27iwcqk67fre21j66cw.ru,murofetweekly,dga
fb.me,legit,notdga
ssnhmrpwsr.biz,mydoom,dga
tfqirtrzcx.com,dnschanger,dga
vy4yy1c7eubycoqf.biz,chinad,dga
yfsckhhnkyh.cc,proslikefan,dga
toutiao.com,legit,notdga
economist.com,legit,notdga
n349ac70d0edc2cb70ff6a03a9a3bd9c1c.cn,dyre,dga
cnet.com,legit,notdga
sun.com,legit,notdga
accuweather.com,legit,notdga
dan.com,legit,notdga
sedtjed.co,proslikefan,dga
shopee.co.id,legit,notdga
7xitcrsino.cz,charbot,dga
b1bc086df017d40a4123488866a265b2.cz.cc,bamital,dga
l990dc8d25bb23ec7cee15ef7f7bdcd9fc.in,dyre,dga
woundfinger.ws,nymaim,dga
42f2f603dbf06493ca5a16e1b968d30c.cz.cc,bamital,dga
nvzhrsensinaix.com,banjori,dga
rknphd.com,virut,dga
barastciferyudl,deception,dga
gbnrghtrajlvw.nf,necurs,dga
msmwesukesi0.top,qadars,dga
huaban.com,legit,notdga
yandex.net,legit,notdga
p5ibj9v1.cf,qsnatch,dga
shaparak.ir,legit,notdga
xfndtfxtsbmnc.net,cryptolocker,dga
usgovcloudapi.net,legit,notdga
pksnprwyupqtsii.net,murofet,dga
163.com,legit,notdga
google-analytics.com,legit,notdga
oyvnvk7r7tdrc8ys.org,chinad,dga
wattpad.com,legit,notdga
hatoranfa,deception,dga
similarweb.com,legit,notdga
mefgultuvwlnpeufynnc.com,zloader,dga
box.com,legit,notdga
jqiymfmej.com,oderoor,dga
cdngslb.com,legit,notdga
yelp.com,legit,notdga
bzibenosv.eu,proslikefan,dga
apa.org,legit,notdga
ttd-a.com,legit,notdga
vzwahdvoozaldilutkgg401.com,manuelita,dga
google.ru,legit,notdga
hbhrjgxxhpmbngabd.cc,ranbyus,dga
ccyugew.net,vidro,dga
prrozlundgutmgl.com,murofet,dga
apigee.net,legit,notdga
mangosip.ru,legit,notdga
yredlgl5w4g7kxkb.cn,chinad,dga
l-msedge.net,legit,notdga
hotjar.com,legit,notdga
outlook.com,legit,notdga
atehofygpvrtp.info,cryptolocker,dga
g43nrc29etm49ovf52cub48o11axgwmrfukxp12.info,murofetweekly,dga
artstation.com,legit,notdga
dapoohmcqdr.cc,oderoor,dga
crofdormc.com,manuelita,dga
xudosawo.ru,pushdo,dga
artconfirmdraftlinkliftscratch.com,matsnu,dga
think-district.by,nymaim,dga
aliisrarussacram.com,gozi,dga
taboola.com,legit,notdga
w3schools.com,legit,notdga
k0lbcylns.ga,qsnatch,dga
yahoo.com,legit,notdga
daitxpngwnubmbdpciyl.com,zloader,dga
31b4bd31fg1x2.feedback,monerominer,dga
txmibdxfblgjyfmhi.me,ranbyus,dga
superhosting.bg,legit,notdga
imgur.com,legit,notdga
iukquekwwaequyeg.org,ramdo,dga
bto21oynrn50dyhypsn60oya27nufvjtewhv.info,murofetweekly,dga
vpusae.com,virut,dga
nswmujyaeio.info,tempedreve,dga
ys7.com,legit,notdga
avast.com,legit,notdga
vox.com,legit,notdga
masuhno.com,vawtrak,dga
rqehyucj.co,proslikefan,dga
statcounter.com,legit,notdga
hilton.com,legit,notdga
appspot.com,legit,notdga
samsung.com,legit,notdga
jetbrains.com,legit,notdga
cquwwovktd.com,fobber,dga
sgjprsensinaix.com,banjori,dga
actmoveluckmissfoldrepair.com,matsnu,dga
lrushteeoideiqbci.pw,ranbyus,dga
8e0651da22685.blackfriday,monerominer,dga
xjsrrsensinaix.com,banjori,dga
dnsv1.com,legit,notdga
swgoaiqugbvdxjtnebiy.com,zloader,dga
riddenclear.net,suppobox,dga
naver.com,legit,notdga
gmomggvvnshqopp.biz,murofet,dga
bankofamerica.com,legit,notdga
nailhostmarketadvantageallow.com,matsnu,dga
p5ibj9v1rg.cf,qsnatch,dga
wwiops.io,legit,notdga
elpais.com,legit,notdga
etsoouw.vn,conficker,dga
vicehughes.pro,nymaim,dga
phqghumeay.com,dnschanger,dga
kpvzmlypyy.com,fobber,dga
jable.tv,legit,notdga
lvxgqohcqyhvonzpjgicyiugeyvkz.biz,gameover,dga
zdnet.com,legit,notdga
futureadvisor.com,legit,notdga
gihc.net,legit,notdga
360.cn,legit,notdga
ilovepdf.com,legit,notdga
blogspot.com,legit,notdga
hahuciz.info,simda,dga
dns.com,legit,notdga
myonlinedata.net,legit,notdga
twimg.com,legit,notdga
asoca.com.ve,conficker,dga
1ygcerdow43hprrzytsi3bc0q.net,zeus-newgoz,dga
phqhehsseh.in,mydoom,dga
kkbqdrbkih.com,alureon,dga
wumrlvwzva.com,dnschanger,dga
daum.net,legit,notdga
t-msedge.net,legit,notdga
gdvsuajurr24.com,bedep,dga
dbankcloud.ru,legit,notdga
mingamzl.net,charbot,dga
olcommismagnum.com,gozi,dga
hubspot.com,legit,notdga
mail.ru,legit,notdga
da3a681bc68fc6db334d1586061fe6731f.in,dyre,dga
bytedance.net,legit,notdga
7qmffjkmxtcv26rp8p.biz,rovnix,dga
oxhmwqrdtgwq.net,vidro,dga
xhamsterlive.com,legit,notdga
ruqjueqid.tv,kraken,dga
myworkday.com,legit,notdga
who.int,legit,notdga
rfc-editor.org,legit,notdga
amazon.ca,legit,notdga
marketwatch.com,legit,notdga
upenn.edu,legit,notdga
n1baj4dd3e3gc4ul8v.ru,rovnix,dga
8qbozu.be,charbot,dga
theconversation.com,legit,notdga
pexels.com,legit,notdga
lufigwir.com,vawtrak,dga
umn.edu,legit,notdga
hpsrutdskn.com,alureon,dga
rubiconproject.com,legit,notdga
gvt1.com,legit,notdga
nvidia.com,legit,notdga
jtqduyghes.net,tempedreve,dga
softonic.com,legit,notdga
hostgator.com.br,legit,notdga
giwstfhdb.net,tempedreve,dga
canva.com,legit,notdga
samsungcloud.com,legit,notdga
amarndinopo,deception,dga
sfexofoh.com,tempedreve,dga
abc.net.au,legit,notdga
ietf.org,legit,notdga
b1c38e3c81cc6801369d8efc8123d3cc.com,tinynuke,dga
ldjpzvrngit.org,qakbot,dga
akamaiedge.net,legit,notdga
themeforest.net,legit,notdga
akamaihd.net,legit,notdga
wentjuly.net,suppobox,dga
mzbtfza57bygzbrl28d60a57o41d20drowc19h14.net,murofetweekly,dga
wtipubctwiekhir.net,shiotob,dga
line-apps.com,legit,notdga
lbzorsensinaix.com,banjori,dga
gwydrdgsjthmmfvl.com,sphinx,dga
instacart.com,legit,notdga
sberbank.ru,legit,notdga
amazon.co.uk,legit,notdga
share-dns.com,legit,notdga
canonesmagisanilongius.com,gozi,dga
springer.com,legit,notdga
grammarly.com,legit,notdga
jnuslkfduvukxgql.com,sphinx,dga
gxaa.com.mt,conficker,dga
ups.com,legit,notdga
nuilaaxah.mobi,pitou,dga
ngjkyhvdmyaeccjlgh.com,ramnit,dga
mgts.ru,legit,notdga
ldbabaonaaakaedd.com,padcrypt,dga
rncdn7.com,legit,notdga
tziynp.com,virut,dga
p62eqhso41cwfvd50izduc49ctkqfwerbyb28.net,murofetweekly,dga
gbqrhzoipb.com,fobber,dga
qqplezdjxv.com,fobber,dga
att.com,legit,notdga
akamai.net,legit,notdga
snapchat.com,legit,notdga
b554b5258348dfc96af6c875c9698079.com,tinynuke,dga
5nk85vyveluh3dk.ddns.net,corebot,dga
rithundiat,deception,dga
aol.com,legit,notdga
bitrix24.ru,legit,notdga
investopedia.com,legit,notdga
teamviewer.com,legit,notdga
dbankcloud.cn,legit,notdga
w2oagqg2cmwi.org,qadars,dga
onecraxyhvuse.uk,charbot,dga
oubkvwvmas.com,ramnit,dga
papatemeritatequ.com,gozi,dga
google.com.hk,legit,notdga
oqbefuwe.com,ramnit,dga
lordraise.net,suppobox,dga
vuxkirov.ru,pushdo,dga
caidwqyhym.com,kraken,dga
3l1tytgh5vsf7j7n383.ddns.net,corebot,dga
greasyfork.org,legit,notdga
afzevdhnunxb.cc,oderoor,dga
inc.com,legit,notdga
hcngijqzzt.dyndns.org,vidro,dga
bbc.com,legit,notdga
cewoflurn.com,vawtrak,dga
qivvrqr.nf,necurs,dga
zlafftnrrq.com,fobber,dga
online-metrix.net,legit,notdga
googletagservices.com,legit,notdga
aeoxpysqpmb.dyndns.org,vidro,dga
adobe.net,legit,notdga
seubrsxsbloaixsccfft.com,zloader,dga
ergpsbuhdxbl.com,bedep,dga
ojofozaqmnlzdemnyjvvxoijzd.org,gameover,dga
yfmwed.com,virut,dga
chinamobile.com,legit,notdga
ixigua.com,legit,notdga
x0azvlln0t4x9tsh.ru,chinad,dga
peobcoekqoin.ddns.net,symmi,dga
ingka.com,legit,notdga
ikea.com,legit,notdga
whitehouse.gov,legit,notdga
47faeb4f1b75a48499ba14e9b1cd895a.cz.cc,bamital,dga
seddiluerepeccaindocte.com,gozi,dga
e51nrmre21pwb18jwgxg33e61pvfuayn30i65i55.com,murofet,dga
meox2aob6xgc32o3.cn,chinad,dga
zol.com.cn,legit,notdga
aliexpress.com,legit,notdga
hinet.net,legit,notdga
1ewe0hn1jv7f6f2zav4418uq05u.biz,zeus-newgoz,dga
cumoqlux.ru,pushdo,dga
chargepoint.com,legit,notdga
ruidongcloud.com,legit,notdga
eastday.com,legit,notdga
mtebwfypg.org,tempedreve,dga
trendmicro.com,legit,notdga
1c.ru,legit,notdga
googleadservices.com,legit,notdga
livejasmin.com,legit,notdga
jquery.com,legit,notdga
httpbl.org,legit,notdga
smartadserver.com,legit,notdga
vimeo.com,legit,notdga
scanned-fancy.la,nymaim,dga
eamartindle.co.uk,manuelita,dga
ifxnetworks.com,legit,notdga
oath.cloud,legit,notdga
capitalonegslbex.com,legit,notdga
ijpujntwhjmddkdiwxpq.com,zloader,dga
swxurddayr.com,fobber,dga
microsoft.com,legit,notdga
rkdnpafhmqtg.com,ramnit,dga
anokv399lnkd1ki8j7k1wurptf.net,zeus-newgoz,dga
www.gov.uk,legit,notdga
proexecertenenturq.com,gozi,dga
jnauhinmnhucnyerm.net,ranbyus,dga
loc.gov,legit,notdga
bycuobafnqrlsl.com,ramnit,dga
dokbuxok.ru,pushdo,dga
discordapp.com,legit,notdga
onemgat.net,oderoor,dga
namu.wiki,legit,notdga
workshop-park.re,nymaim,dga
mzexmjiwmtia.info,sisron,dga
figma.com,legit,notdga
douban.com,legit,notdga
z1ixzkzorkjoukjt.ru,chinad,dga
gfdpjwefcldckqyuqhpc.com,zloader,dga
usda.gov,legit,notdga
taobao.com,legit,notdga
mdewmtiwmtma.net,sisron,dga
ringcentral.com,legit,notdga
chegg.com,legit,notdga
swimpharmacy.org,nymaim,dga
odxaecfeuddeces.ddns.net,symmi,dga
chartcluebuildmessmarket.com,matsnu,dga
britannica.com,legit,notdga
engadget.com,legit,notdga
dreamhost.com,legit,notdga
drom.ru,legit,notdga
host-food.ru,legit,notdga
sogou.com,legit,notdga
amazon.com,legit,notdga
nease.net,legit,notdga
pinterest.com,legit,notdga
ui.com,legit,notdga
hhmucwrwqsk.com,oderoor,dga
china.com,legit,notdga
m1t5l1bgbt3tynby5l.ru,rovnix,dga
name.com,legit,notdga
dingtalk.com,legit,notdga
theatlantic.com,legit,notdga
plos.org,legit,notdga
salooriginalbuilders.com,manuelita,dga
temperancejessalyn.net,suppobox,dga
l18htaxktcyitfxn30puguc39i55ete31fvj46.biz,murofetweekly,dga
rackspace.net,legit,notdga
qkgogwauessomcqa.org,ramdo,dga
omaqivik.ddns.net,symmi,dga
aparat.com,legit,notdga
effkceokdneabeff.eu,padcrypt,dga
duckdns.org,legit,notdga
dzen.ru,legit,notdga
tbcache.com,legit,notdga
elsevier.com,legit,notdga
ij1rib36ork6wtc87bmdsxo.ddns.net,corebot,dga
irs.gov,legit,notdga
lenovo.com.cn,legit,notdga
mzaxmjiwmtia.info,sisron,dga
mega.co.nz,legit,notdga
uxifijkswp.info,tempedreve,dga
qq.com,legit,notdga
xhamster.com,legit,notdga
nuilaaxaf.mobi,pitou,dga
83559fc0cac69f3406caf3a109e8b9c4.com,tinynuke,dga
623bf20d36fd8.tickets,monerominer,dga
manatoki215.net,legit,notdga
onetrust.com,legit,notdga
31b4bd31fg1x2.blackfriday,monerominer,dga
gvt2.com,legit,notdga
rydt5fd3k2g2n2n5.org,chinad,dga
redd.it,legit,notdga
piscantursecuritas.com,gozi,dga
tuwyjyvymuq.eu,simda,dga
cdn20.com,legit,notdga
epicgames.com,legit,notdga
list-manage.com,legit,notdga
maricopa.gov,legit,notdga
kutughos,deception,dga
peohpwogwhcjce.tj,necurs,dga
vihezuk.net,simda,dga
nflsrsensinaix.com,banjori,dga
discord.gg,legit,notdga
jboexxoicc.com,fobber,dga
ringdaily.net,suppobox,dga
cbsnews.com,legit,notdga
lencr.org,legit,notdga
gucq0moqc24y.net,qadars,dga
m59a67huhta27cziskybuixlsb38h64iuaql28.ru,murofetweekly,dga
wikipedia.org,legit,notdga
ifcf29747fe797d6db94bb4a286777fc94.cc,dyre,dga
alexandrinamasterson.net,suppobox,dga
623bf20d36fd8.feedback,monerominer,dga
state.gov,legit,notdga
mcecae763ad022a0295decacf570e0a072.hk,dyre,dga
stackexchange.com,legit,notdga
ieltnkheqi.com,dircrypt,dga
upruylgo.cc,proslikefan,dga
ffphiznksfwxt3enys.biz,rovnix,dga
42f2f603dbf06493ca5a16e1b968d30c.co.cc,bamital,dga
medicalnewstoday.com,legit,notdga
jhaqyrhpbrdpvbpw.com,sphinx,dga
php.net,legit,notdga
rt.com,legit,notdga
andersensinaix.com,banjori,dga
dailymail.co.uk,legit,notdga
googlevideo.com,legit,notdga
ikjwladsholapet.cc,pykspa,dga
gitee.com,legit,notdga
iamvinecessdeiplenitem.com,gozi,dga
tsslaueptm.com,dnschanger,dga
cisco.com,legit,notdga
microsoftonline.com,legit,notdga
3lift.com,legit,notdga
gvtv.co.za,conficker,dga
qrnqsmhehs.info,mydoom,dga
chase.com,legit,notdga
eunstw,deception,dga
623bf20d36fd8.org,monerominer,dga
databricks.com,legit,notdga
tdxhptshdgiojilw.com,sphinx,dga
byteoversea.net,legit,notdga
bikdbjotdpaodul.mu,necurs,dga
oynyeexrbahpryfrbpcy.com,zloader,dga
girlfriendslightclaimdiscuss.com,matsnu,dga
eaqpwpwmqh.ws,mydoom,dga
hvxyllyhrj.com,alureon,dga
vocabic.info,simda,dga
lxkluelqfuajqu.com,bedep,dga
gnvdfwjkdlmorqjyt.tw,ranbyus,dga
yahoodns.net,legit,notdga
r5sdiar6.co,charbot,dga
gstatic.com,legit,notdga
spiegel.de,legit,notdga
k0lbcyl.ga,qsnatch,dga
abovedomains.com,legit,notdga
xyowcxupnxnujqsc.eu,emotet,dga
reverso.net,legit,notdga
sc-gw.com,legit,notdga
omtrdc.net,legit,notdga
e3oa4wglvd21xa.com,shiotob,dga
mbfolblryjv.net,tempedreve,dga
ntli.net,legit,notdga
60iqidqtlunqobtl.cn,chinad,dga
nouknk.com,virut,dga
ltkvkhqscceciqgofcynzpxo.com,gameover,dga
csdn.net,legit,notdga
iprufgnf.pm,locky,dga
fyhbtvmlsauma.us,locky,dga
lbfacefabnkbbfkm.com,padcrypt,dga
savefrom.net,legit,notdga
guefgwiugkeq.net,pykspa,dga
mv9aul3rj7vygua0.cn,chinad,dga
goo.gl,legit,notdga
w3.org,legit,notdga
wired.com,legit,notdga
ugjywfellfju.co.uk,cryptolocker,dga
wsdvs.com,legit,notdga
orned.cloud,manuelita,dga
leoxavanreosida.ddns.net,symmi,dga
atnozgfqbex.cc,pykspa,dga
baidu.com,legit,notdga
xtmadmcnuveeuq.com,ramnit,dga
h7i665xhctw53vitp1.ru,rovnix,dga
knowsure.net,suppobox,dga
roku.com,legit,notdga
dimynoho.info,simda,dga
googlesyndication.com,legit,notdga
avuhegnhwfmltjhjwvhuzddp.info,qakbot,dga
hotstar.com,legit,notdga
pd4o4wu24vimn.com,shiotob,dga
ford.com,legit,notdga
wsdtzfu.net,kraken,dga
pin-up-platinumkt-bk-play.site,manuelita,dga
ui-dns.com,legit,notdga
cdn77.org,legit,notdga
iqkqldvupavv.sc,necurs,dga
root-servers.net,legit,notdga
pojabxlinexbhnxzsra.com,dircrypt,dga
whybi8cnmb34s0q.ddns.net,corebot,dga
mdyjiygdqqaxtm.ru,locky,dga
dnsmadeeasy.com,legit,notdga
washington.edu,legit,notdga
epa.gov,legit,notdga
skxxerflmw.com,fobber,dga
qholgsjmxlsywsjr.com,sphinx,dga
markmonitor.com,legit,notdga
lvctmusxcyz.net,oderoor,dga
xing.com,legit,notdga
theverge.com,legit,notdga
t2euiefmpmtfcl3efs.net,rovnix,dga
p5ibj9v.cf,qsnatch,dga
zemanta.com,legit,notdga
gegxglvhdeg.tj,necurs,dga
iyjpbiwfoifa.org,cryptolocker,dga
addtoany.com,legit,notdga
sensic.net,legit,notdga
xttdvdbugwgthqmb.com,sphinx,dga
beelinegprs.ru,legit,notdga
vegetableshear.net,nymaim,dga
sentinelone.net,legit,notdga
nuilaaxaj.mobi,pitou,dga
oracle.com,legit,notdga
0uimzgfbewtozq6f.info,chinad,dga
qpkihtmesocjjgrrangl.com,zloader,dga
disqus.com,legit,notdga
roblox.com,legit,notdga
igamecj.com,legit,notdga
h012e83eedf219925d9e6b3b4ee7f6788b.so,dyre,dga
websitewelcome.com,legit,notdga
tradingview.com,legit,notdga
kewttsjnyl.com,dircrypt,dga
sciencemag.org,legit,notdga
kaspersky.com,legit,notdga
weather.com,legit,notdga
rjgqrrbydhuda.ru,cryptolocker,dga
shutterstock.com,legit,notdga
webex.com,legit,notdga
b28d30c29dqlqf12hth44mzerc29n10jykrjud20.ru,murofetweekly,dga
hp.com,legit,notdga
ncktoaci.com,vidro,dga
aljazeera.net,legit,notdga
tinyurl.com,legit,notdga
kluvgfdmmn.fr,locky,dga
hltqjjfm.im,necurs,dga
lladffkomcolmlak.com,padcrypt,dga
shopgpt.net,manuelita,dga
ngcasalaig,deception,dga
kikjouvmwbjeoklo.com,sphinx,dga
balladoptwelladdinfluence.com,matsnu,dga
tufuqyp.info,simda,dga
ogsuamakwayuqeuq.org,ramdo,dga
scribd.com,legit,notdga
gbxqsufqbex.com,pykspa,dga
doubleverify.com,legit,notdga
kdnuubhltkc.net,kraken,dga
harvard.edu,legit,notdga
rlcdn.com,legit,notdga
a-msedge.net,legit,notdga
flickr.com,legit,notdga
safebrowsing.apple,legit,notdga
mnsretq.org,tempedreve,dga
indeed.tech,legit,notdga
aybarsensinaix.com,banjori,dga
uqzdzbvwhripzjvkn.com,dircrypt,dga
nmclffoeckadoaca.de,padcrypt,dga
aweespneeh.com,mydoom,dga
ssmnqpwqhs.biz,mydoom,dga
g6854f4c620415e06da72aa3275786a6e3.tk,dyre,dga
zpfjfekhjfeuiclv4.com,bedep,dga
qsr5eln4pqtnxlxrlp.cn,rovnix,dga
zalan.do,legit,notdga
aififyqhql.com,alureon,dga
lj517hqv9xvpc63h.ru,chinad,dga
toreneyscakselibzbexigb,deception,dga
nrolus.com,virut,dga
hrthsdlesrvekceb.eu,emotet,dga
hkfvyuxzxdvxjfwe.com,dircrypt,dga
wdswuglfcirovqogmdfippv.info,gameover,dga
shsasrrrrn.biz,mydoom,dga
vkontakte.ru,legit,notdga
zzxeyzgy45yy2a.net,shiotob,dga
oafloz.com,virut,dga
ldcpnuvswiflqpcdp.com,ranbyus,dga
tarenoth200qyumurop,deception,dga
flipkart.com,legit,notdga
adsrvr.org,legit,notdga
dgqemko.fr,locky,dga
ijfvcuutxpfv.com,tinba,dga
immedia-semi.com,legit,notdga
csixhvdhcj.com,dnschanger,dga
2fad6202d9042f028459d88c81398ce6.com,tinynuke,dga
ffadbfabebflmdck.com,padcrypt,dga
secureserver.net,legit,notdga
sophos.com,legit,notdga
asana.com,legit,notdga
52axmn5xqfkhc6q.ddns.net,corebot,dga
qmawnmrwsn.info,mydoom,dga
qwsrspwshs.info,mydoom,dga
eviwgj.com,virut,dga
wittenbergcharitas.com,gozi,dga
casxhy.com,virut,dga
9b86bb2ef4bad69cca0110076215e1f4.co.cc,bamital,dga
tribal-error.hn,nymaim,dga
cdca364b71f0c8506d60eb2939f4b806d9.to,dyre,dga
lymuw.eu,simda,dga
nuilaaxap.mobi,pitou,dga
aopldfuhwhgra.org,cryptolocker,dga
un-gqt.com,manuelita,dga
hlrfrsensinaix.com,banjori,dga
5ge4f3gzlywq1.net,shiotob,dga
qwest.net,legit,notdga
livedoor.jp,legit,notdga
bjajoxvalbfx.com,ramnit,dga
tlmrzvpbpsqsb.net,shiotob,dga
timeweb.ru,legit,notdga
duolingo.com,legit,notdga
princeton.edu,legit,notdga
ussufiwwir.com,vawtrak,dga
7ab9a81818440dff4ca8e82dbbb6ba6c.com,tinynuke,dga
trkbdujrslql.me,necurs,dga
7kbw9397s.ml,qsnatch,dga
amazon.dev,legit,notdga
madecolor.net,suppobox,dga
hitomi.la,legit,notdga
c39e41dqhznzo11m49gqbudyhym69bqgqpzl58.biz,murofetweekly,dga
fobatuz.info,simda,dga
ign.com,legit,notdga
vmtgcxpydsriifbq.eu,emotet,dga
myeoqoyaymeikaqo.org,ramdo,dga
telegram.me,legit,notdga
fmolcmafcmadndff.com,padcrypt,dga
nic.ru,legit,notdga
mexxsi.co,proslikefan,dga
fedex.com,legit,notdga
mixwvt.com,virut,dga
google.cn,legit,notdga
geeksforgeeks.org,legit,notdga
ygxzdvcnpxn.yi.org,kraken,dga
antylex,deception,dga
nsscttyhifcj.biz,tinba,dga
example.com,legit,notdga
mjkxmjiwmtia.com,sisron,dga
xpun.nl,conficker,dga
edgesuite.net,legit,notdga
ft.com,legit,notdga
entrust.net,legit,notdga
360.com,legit,notdga
amazon.de,legit,notdga
paloaltonetworks.com,legit,notdga
x2lxslqz3wztw.net,shiotob,dga
qgaoawu4a4mo.top,qadars,dga
xxpdrmpl.cc,proslikefan,dga
uszovk.net,pykspa,dga
media-amazon.com,legit,notdga
pricec.com,manuelita,dga
sfx.ms,legit,notdga
aoodbbakbamnalld.de,padcrypt,dga
verizon.com,legit,notdga
mzexmjiwmtia.org,sisron,dga
y2mate.com,legit,notdga
exacttarget.com,legit,notdga
ebay.com,legit,notdga
ksyuncdn.com,legit,notdga
zkwo8t10ytig5106cjmrx1gwby.net,zeus-newgoz,dga
sfakmecawak.yi.org,kraken,dga
huawei.com,legit,notdga
wikihow.com,legit,notdga
nightcomplete.net,suppobox,dga
zoai.ru,conficker,dga
stripchat.com,legit,notdga
substack.com,legit,notdga
q9mqi2au2d5sv.com,shiotob,dga
deepl.com,legit,notdga
sohu.com,legit,notdga
fmtc.co.nz,conficker,dga
akadns.net,legit,notdga
hfoqvedxjiayxpcqssu.com,ramnit,dga
mit.edu,legit,notdga
nadytmlake.com,alureon,dga
hntkfnrgrcs.cc,oderoor,dga
amazontrust.com,legit,notdga
wp.com,legit,notdga
amazon.it,legit,notdga
ytrbegofitr8b,deception,dga
ted.com,legit,notdga
nextcapital.com,legit,notdga
wmncfyxcwc.com,alureon,dga
tipsolveshineparticipate.com,matsnu,dga
beikakok.ru,pushdo,dga
9b86bb2ef4bad69cca0110076215e1f4.info,bamital,dga
dns-parking.com,legit,notdga
screencatchdishtellproposed.com,matsnu,dga
retailers-randy.org,nymaim,dga
coursera.org,legit,notdga
n9oonpgabxe31.net,shiotob,dga
wunjtplvxqqeppsf.eu,emotet,dga
doubleclick.net,legit,notdga
fdmfbujcajrxloiao.su,ranbyus,dga
bilibili.com,legit,notdga
7kbw93.ml,qsnatch,dga
henriettajosephson.net,suppobox,dga
bitly.com,legit,notdga
g.page,legit,notdga
tds.net,legit,notdga
licdn.com,legit,notdga
cdc.gov,legit,notdga
coupang.com,legit,notdga
gasozjom.ru,pushdo,dga
imcmdb.net,legit,notdga
hostgator.com,legit,notdga
okndlffaabmflbam.com,padcrypt,dga
frontiersin.org,legit,notdga
c16ifx1lckn981ar4uthb2x4ul.com,zeus-newgoz,dga
2mdn.net,legit,notdga
heuwgmppmwanejhdn.la,necurs,dga
fogonpcwtr.com,ramnit,dga
fa3bbc7ed9352cb48986d74c1f3027ab.com,tinynuke,dga
xsx3xmx8nmk4192mge1rvah7z.net,zeus-newgoz,dga
junoxwodcvjg.biz,tinba,dga
pinimg.com,legit,notdga
miwtozdpve.com,fobber,dga
phicdn.net,legit,notdga
onondftrbaiucfye.eu,emotet,dga
stripe.com,legit,notdga
readthedocs.io,legit,notdga
issuu.com,legit,notdga
o365filtering.com,legit,notdga
mjkxmjiwmtia.net,sisron,dga
alibaba-inc.com,legit,notdga
beian.gov.cn,legit,notdga
nicovideo.jp,legit,notdga
b1bc086df017d40a4123488866a265b2.co.cc,bamital,dga
niyxkdevsirbjhiuj.tw,ranbyus,dga
lvctmusxcyz.tv,oderoor,dga
eqacmemop.ddns.net,symmi,dga
gamersky.com,legit,notdga
shhwpqmpmn.biz,mydoom,dga
atvhsjsep.eu,proslikefan,dga
wxuowuug.cc,proslikefan,dga
sprsqwamnn.biz,mydoom,dga
kbnullghuycbeqoy.com,sphinx,dga
svneascvmk.mooo.com,kraken,dga
ogumdohge.com,vawtrak,dga
google.co.in,legit,notdga
wordpress.org,legit,notdga
bidswitch.net,legit,notdga
giphy.com,legit,notdga
fyhbtvmlsauma.us,locky,dga
jihpldcbrjon.xyz,tinba,dga
623bf20d36fd8.hosting,monerominer,dga
pdprxoigty.com,dnschanger,dga
macromedia.com,legit,notdga
slut-fans.sh,nymaim,dga
ultradns.com,legit,notdga
nationalgeographic.com,legit,notdga
travelsmicrowave.biz,nymaim,dga
ecdns.net,legit,notdga
userapi.com,legit,notdga
linkedin.com,legit,notdga
akamaized.net,legit,notdga
zxx.edu.cn,legit,notdga
binance.com,legit,notdga
vrvhxxylnpnybmxno.com,bedep,dga
booking.com,legit,notdga
nest.com,legit,notdga
domaincontrol.com,legit,notdga
pbs.org,legit,notdga
lxaudhrufnrmkvpcx.su,ranbyus,dga
381ed097870ca065ba2ee82a9a6aba48.co.cc,bamital,dga
capitalhuntdealsmokeboxclue.com,matsnu,dga
b1ca5eebd8e0eb8ea6b61eaccbde527c26.ws,dyre,dga
fortune.com,legit,notdga
1ad9109af657a042817300f6105bf1db.com,tinynuke,dga
ekmans.yi.org,kraken,dga
oybtvcetvtsdiqxr.com,sphinx,dga
arxiv.org,legit,notdga
luttherconcedunt.com,gozi,dga
psu.edu,legit,notdga
allegro.pl,legit,notdga
amazon.co.jp,legit,notdga
egbmbdey.net,oderoor,dga
branch.io,legit,notdga
adp.com,legit,notdga
b1bc086df017d40a4123488866a265b2.info,bamital,dga
qusto,deception,dga
jimdo.com,legit,notdga
leokeaja.ru,pushdo,dga
uol.com.br,legit,notdga
bqlqscpqwsh.dynserv.com,kraken,dga
bestbuy.com,legit,notdga
airbnb.com,legit,notdga
comcast.com,legit,notdga
warnerbros.com,legit,notdga
ftisbykjrei.org,qakbot,dga
sorbs.net,legit,notdga
7kbw9397sm.ml,qsnatch,dga
demdex.net,legit,notdga
fb-t-msedge.net,legit,notdga
cuxrbykwokrqcldyjawc.com,zloader,dga
52pojie.cn,legit,notdga
zerodha.com,legit,notdga
xxbgguujnfnmsvfe.uk,locky,dga
fdejqlpmav.com,alureon,dga
adobe.io,legit,notdga
launchdarkly.com,legit,notdga
yznwtjocfjsbajkitombz.biz,qakbot,dga
mqhixgqwifkrbiyplfbyxijx.ru,gameover,dga
force.com,legit,notdga
rgxordndqhqpforqwnjvkzhemxk.info,gameover,dga
digg.com,legit,notdga
utudhiohuchu.ddns.net,symmi,dga
jglwlzjply.com,dnschanger,dga
jd.com,legit,notdga
xxvglkjmuvro.com,tinba,dga
amazon-adsystem.com,legit,notdga
8i4y4uoa06se.org,qadars,dga
autohome.com.cn,legit,notdga
apache.org,legit,notdga
yztdwbswx.com,dircrypt,dga
fjzxvttb.com.pe,conficker,dga
vgwjbhmegtihcyjpfyavi.nu,necurs,dga
usecwemser.com,vawtrak,dga
gakepadainqu.ddns.net,symmi,dga
duzgvnrcldjgmmj.com,bedep,dga
chinaz.com,legit,notdga
jxsaumg.com,vidro,dga
vutiqoxiokivq.ddns.net,symmi,dga
